{"cameraMode":{"drawMode":0,"name":"Shaded","section":"Shading Mode"},"sceneLighting":false,"audioPlay":false,"sceneViewState":{"showFog":true,"showMaterialUpdate":false,"showSkybox":true,"showFlares":true,"showImageEffects":true,"showParticleSystems":true},"in2DMode":false,"pivot":{"x":15.42562198638916,"y":-1.9143867492675782,"z":125.62825775146485},"rotation":{"x":0.003595929127186537,"y":0.06474970281124115,"z":0.00018178115715272725,"w":-0.9979259371757507},"size":129.93533325195313,"orthographic":true}