{"cameraMode":{"drawMode":0,"name":"Shaded","section":"Shading Mode"},"sceneLighting":false,"audioPlay":false,"sceneViewState":{"showFog":true,"showMaterialUpdate":false,"showSkybox":false,"showFlares":true,"showImageEffects":true,"showParticleSystems":true},"in2DMode":false,"pivot":{"x":0.17699003219604493,"y":0.0,"z":2.8023452758789064},"rotation":{"x":0.026080189272761346,"y":0.9348429441452026,"z":-0.07024505734443665,"w":0.3470824062824249},"size":10.410920143127442,"orthographic":true}