{"cameraMode":{"drawMode":0,"name":"Shaded","section":"Shading Mode"},"sceneLighting":false,"audioPlay":false,"sceneViewState":{"showFog":true,"showMaterialUpdate":false,"showSkybox":true,"showFlares":true,"showImageEffects":true,"showParticleSystems":true},"in2DMode":false,"pivot":{"x":-0.25430428981781008,"y":0.49669259786605837,"z":0.2391456812620163},"rotation":{"x":-0.01879923790693283,"y":-0.9736412763595581,"z":0.08576084673404694,"w":-0.21110054850578309},"size":10.0,"orthographic":true}